id;project_name;subscription_version;subscription_start_date;subscription_end_date;notes
1;contextually-based Home Loan Account Books;Stand-alone;2020-09-18;2020-09-18;Refined Frozen Table Infrastructure
2;Assimilated Center;alarm Kansas utilize;2020-09-18;2020-09-18;Engineer
3;exploit system e-services;synthesize;2020-09-17;2020-09-18;redefine digital
4;Pre-emptive;Guadeloupe invoice;2020-09-18;2020-09-18;Denar vortals Tools
5;action-items;solution;2020-09-18;2020-09-18;Beauty index Enhanced
6;Prairie;Licensed Fresh Pants Fresh Corners;2020-09-18;2020-09-18;Azerbaijanian Manat Cambridgeshire Soft
7;Oklahoma;multi-byte navigating;2020-09-17;2020-09-18;Radial
8;cohesive Fiji Dollar Washington;Faroe Islands ADP e-business;2020-09-18;2020-09-18;Up-sized Lead back-end
9;Intelligent Cotton Cheese;indigo Concrete;2020-09-18;2020-09-18;microchip input mindshare
10;Small Fresh Keyboard;quantifying;2020-09-17;2020-09-18;Mouse parsing experiences
